{
  "recovered":5899917,
  "total_cases":6621601,
  "tests_ratio":26.051101538736628,
  "recovery_ratio":0.8910106483311211,
  "tested":172500000,
  "deaths":171305,
  "death_ratio":0.02587063158894654
}
